PWM1_us (Pitch servo),PWM2_us (Roll servo),"Pitch servo length (L3, mm)","Roll servo length (L, mm)","Roll angle (theta, deg)","Pitch angle (phi, deg)",,
900,900,107.593,107.593,20.90439258,-20.49666609,,
900,950,107.593,108.718,19.00895666,-20.73878381,,
900,1000,107.593,109.843,17.11247592,-20.95643115,,
900,1050,107.593,110.968,15.21365481,-21.15016967,,
900,1100,107.593,112.093,13.31120878,-21.32044596,,
900,1150,107.593,113.218,11.40385279,-21.4675952,,
900,1200,107.593,114.343,9.490290356,-21.59184306,,
900,1250,107.593,115.468,7.569202674,-21.69330612,,
900,1300,107.593,116.593,5.639237597,-21.77199072,,
900,1350,107.593,117.718,3.698998179,-21.82779013,,
900,1400,107.593,118.843,1.74703042,-21.86048019,,
900,1450,107.593,119.968,-0.218190099,-21.86971292,,
900,1500,107.593,121.093,-2.19827309,-21.85500809,,
900,1550,107.593,122.218,-4.194930434,-21.81574239,,
900,1600,107.593,123.343,-6.209995604,-21.7511357,,
900,1650,107.593,124.468,-8.245446371,-21.66023394,,
900,1700,107.593,125.593,-10.3034317,-21.54188777,,
900,1750,107.593,126.718,-12.38630399,-21.39472611,,
900,1800,107.593,127.843,-14.4966583,-21.21712316,,
900,1850,107.593,128.968,-16.6373805,-21.00715726,,
900,1900,107.593,130.093,-18.81170728,-20.76255903,,
900,1950,107.593,131.218,-21.0233019,-20.48064562,,
900,2000,107.593,132.343,-23.27635111,-20.15823631,,
900,2050,107.593,133.468,-25.57569115,-19.79154305,,
900,2100,107.593,134.593,-27.92697427,-19.37602602,,
950,900,108.718,107.593,21.07726057,-18.63486918,,
950,950,108.718,108.718,19.19850916,-18.88626766,,
950,1000,108.718,109.843,17.31839454,-19.11278204,,
950,1050,108.718,110.968,15.43562508,-19.31495596,,
950,1100,108.718,112.093,13.54892209,-19.49321921,,
950,1150,108.718,113.218,11.65700789,-19.64789116,,
950,1200,108.718,114.343,9.758594329,-19.77918256,,
950,1250,108.718,115.468,7.852371548,-19.8871958,,
950,1300,108.718,116.593,5.936996583,-19.97192364,,
950,1350,108.718,117.718,4.011081544,-20.03324623,,
950,1400,108.718,118.843,2.073181034,-20.07092654,,
950,1450,108.718,119.968,0.121778433,-20.08460385,,
950,1500,108.718,121.093,-1.844729347,-20.07378512,,
950,1550,108.718,122.218,-3.828049126,-20.03783393,,
950,1600,108.718,123.343,-5.830011337,-19.97595657,,
950,1650,108.718,124.468,-7.852593262,-19.88718462,,
950,1700,108.718,125.593,-9.89794655,-19.77035335,,
950,1750,108.718,126.718,-11.96843026,-19.62407488,,
950,1800,108.718,127.843,-14.06665103,-19.4467048,,
950,1850,108.718,128.968,-16.19551248,-19.23630043,,
950,1900,108.718,130.093,-18.35827682,-18.99056818,,
950,1950,108.718,131.218,-20.55864276,-18.70679684,,
950,2000,108.718,132.343,-22.80084516,-18.3817718,,
950,2050,108.718,133.468,-25.08978496,-18.01166357,,
950,2100,108.718,134.593,-27.43120101,-17.59188055,,
1000,900,109.843,107.593,21.23162399,-16.77368115,,
1000,950,109.843,108.718,19.36814758,-17.034072,,
1000,1000,109.843,109.843,17.50305251,-17.26917403,,
1000,1050,109.843,110.968,15.63504265,-17.47951542,,
1000,1100,109.843,112.093,13.76283716,-17.66551086,,
1000,1150,109.843,113.218,11.88515799,-17.82746506,,
1000,1200,109.843,114.343,10.00071792,-17.96557447,,
1000,1250,109.843,115.468,8.108208842,-18.07992749,,
1000,1300,109.843,116.593,6.206289939,-18.17050302,,
1000,1350,109.843,117.718,4.293575489,-18.23716745,,
1000,1400,109.843,118.843,2.368621854,-18.27966985,,
1000,1450,109.843,119.968,0.429913368,-18.29763534,,
1000,1500,109.843,121.093,-1.52415335,-18.29055622,,
1000,1550,109.843,122.218,-3.495287138,-18.25778073,,
1000,1600,109.843,123.343,-5.48532272,-18.19849879,,
1000,1650,109.843,124.468,-7.496244573,-18.11172433,,
1000,1700,109.843,125.593,-9.530215224,-17.99627323,,
1000,1750,109.843,126.718,-11.58960922,-17.85073603,,
1000,1800,109.843,127.843,-13.67705447,-17.6734439,,
1000,1850,109.843,128.968,-15.79548317,-17.46242607,,
1000,1900,109.843,130.093,-17.94819534,-17.21535618,,
1000,1950,109.843,131.218,-20.13893925,-16.92948406,,
1000,2000,109.843,132.343,-22.3720146,-16.601548,,
1000,2050,109.843,133.468,-24.65240702,-16.22766045,,
1000,2100,109.843,134.593,-26.98596653,-15.80315687,,
1050,900,110.968,107.593,21.36823601,-14.91148722,,
1050,950,110.968,108.718,19.51866233,-15.18062038,,
1050,1000,110.968,109.843,17.66727272,-15.42406187,,
1050,1050,110.968,110.968,15.81275889,-15.64232696,,
1050,1100,110.968,112.093,13.95383052,-15.83581722,,
1050,1150,110.968,113.218,12.08920214,-16.00482405,,
1050,1200,110.968,114.343,10.21758062,-16.14953043,,
1050,1250,110.968,115.468,8.337652939,-16.27001109,,
1050,1300,110.968,116.593,6.448073917,-16.36623101,,
1050,1350,110.968,117.718,4.54745352,-16.43804225,,
1050,1400,110.968,118.843,2.634343422,-16.48517909,,
1050,1450,110.968,119.968,0.707222401,-16.50725108,,
1050,1500,110.968,121.093,-1.235519841,-16.50373412,,
1050,1550,110.968,122.218,-3.195600997,-16.4739588,,
1050,1600,110.968,123.343,-5.174867214,-16.41709589,,
1050,1650,110.968,124.468,-7.175317723,-16.33213824,,
1050,1700,110.968,125.593,-9.199134032,-16.21787822,,
1050,1750,110.968,126.718,-11.24871502,-16.07287978,,
1050,1800,110.968,127.843,-13.32671967,-15.89544363,,
1050,1850,110.968,128.968,-15.43611977,-15.68356352,,
1050,1900,110.968,130.093,-17.58026577,-15.4348713,,
1050,1950,110.968,131.218,-19.76297028,-15.14656666,,
1050,2000,110.968,132.343,-21.98861532,-14.81532687,,
1050,2050,110.968,133.468,-24.26229251,-14.43718883,,
1050,2100,110.968,134.593,-26.58998939,-14.00739261,,
1100,900,112.093,107.593,21.48771008,-13.04669604,,
1100,950,112.093,108.718,19.65069847,-13.32435754,,
1100,1000,112.093,109.843,17.81172766,-13.57591979,,
1100,1050,112.093,110.968,15.96947009,-13.80188796,,
1100,1100,112.093,112.093,14.12261918,-14.00265263,,
1100,1150,112.093,113.218,12.26987547,-14.17849337,,
1100,1200,112.093,114.343,10.40993354,-14.32958067,,
1100,1250,112.093,115.468,8.541469233,-14.45597608,,
1100,1300,112.093,116.593,6.663126816,-14.55763063,,
1100,1350,112.093,117.718,4.773505822,-14.63438168,,
1100,1400,112.093,118.843,2.871147065,-14.68594776,,
1100,1450,112.093,119.968,0.954517508,-14.71192162,,
1100,1500,112.093,121.093,-0.978006507,-14.71176087,,
1100,1550,112.093,122.218,-2.928158217,-14.68477617,,
1100,1600,112.093,123.343,-4.897802248,-14.63011626,,
1100,1650,112.093,124.468,-6.888960115,-14.54674933,,
1100,1700,112.093,125.593,-8.903840482,-14.43343993,,
1100,1750,112.093,126.718,-10.94487555,-14.28872014,,
1100,1800,112.093,127.843,-13.01476545,-14.11085376,,
1100,1850,112.093,128.968,-15.11653299,-13.8977913,,
1100,1900,112.093,130.093,-17.25359232,-13.64711313,,
1100,1950,112.093,131.218,-19.42983599,-13.35595692,,
1100,2000,112.093,132.343,-21.64974711,-13.02092405,,
1100,2050,112.093,133.468,-23.91854628,-12.63795696,,
1100,2100,112.093,134.593,-26.24238735,-12.2021762,,
1150,900,113.218,107.593,21.59052979,-11.17772698,,
1150,950,113.218,108.718,19.76476564,-11.46373682,,
1150,1000,113.218,109.843,17.93694935,-11.72322909,,
1150,1050,113.218,110.968,16.10572744,-11.95670178,,
1150,1100,113.218,112.093,14.2697706,-12.16453668,,
1150,1150,113.218,113.218,12.42775921,-12.34700322,,
1150,1200,113.218,114.343,10.57836952,-12.50426046,,
1150,1250,113.218,115.468,8.720260257,-12.63635733,,
1150,1300,113.218,116.593,6.852059282,-12.74323103,,
1150,1350,113.218,117.718,4.972349775,-12.82470378,,
1150,1400,113.218,118.843,3.079655713,-12.88047757,,
1150,1450,113.218,119.968,1.17242612,-12.91012694,,
1150,1500,113.218,121.093,-0.75098236,-12.91308942,,
1150,1550,113.218,122.218,-2.692325164,-12.88865331,,
1150,1600,113.218,123.343,-4.653492473,-12.83594225,,
1150,1650,113.218,124.468,-6.636535728,-12.75389607,,
1150,1700,113.218,125.593,-8.643699109,-12.64124683,,
1150,1750,113.218,126.718,-10.67745745,-12.49648916,,
1150,1800,113.218,127.843,-12.74056251,-12.31784308,,
1150,1850,113.218,128.968,-14.83610024,-12.10320739,,
1150,1900,113.218,130.093,-16.96756261,-11.85010062,,
1150,1950,113.218,131.218,-19.13893891,-11.55558551,,
1150,2000,113.218,132.343,-21.35483378,-11.21617129,,
1150,2050,113.218,133.468,-23.62062205,-10.82768539,,
1150,2100,113.218,134.593,-25.94265589,-10.38510224,,
1200,900,114.343,107.593,21.6770562,-9.30299763,,
1200,950,114.343,108.718,19.8612453,-9.597208001,,
1200,1000,114.343,109.843,18.04333659,-9.864466002,,
1200,1050,114.343,110.968,16.22194414,-10.10526551,,
1200,1100,114.343,112.093,14.39570978,-10.31998188,,
1200,1150,114.343,113.218,12.56328773,-10.50887613,,
1200,1200,114.343,114.343,10.72333008,-10.67209708,,
1200,1250,114.343,115.468,8.874472743,-10.80968165,,
1200,1300,114.343,116.593,7.015321404,-10.92155336,,
1200,1350,114.343,117.718,5.144437131,-11.00751889,,
1200,1400,114.343,118.843,3.260321183,-11.06726282,,
1200,1450,114.343,119.968,1.361398576,-11.10034011,,
1200,1500,114.343,121.093,-0.554000087,-11.10616625,,
1200,1550,114.343,122.218,-2.487659162,-11.08400461,,
1200,1600,114.343,123.343,-4.441501601,-11.03295053,,
1200,1650,114.343,124.468,-6.417616631,-10.95191139,,
1200,1700,114.343,125.593,-8.418292644,-10.83958187,,
1200,1750,114.343,126.718,-10.44605687,-10.69441299,,
1200,1800,114.343,127.843,-12.5037239,-10.51457355,,
1200,1850,114.343,128.968,-14.59445575,-10.29790144,,
1200,1900,114.343,130.093,-16.7218375,-10.04184198,,
1200,1950,114.343,131.218,-18.88997363,-9.743368754,,
1200,2000,114.343,132.343,-21.10361283,-9.398880949,,
1200,2050,114.343,133.468,-23.36831239,-9.004068077,,
1200,2100,114.343,134.593,-25.69065882,-8.553728818,,
1250,900,115.468,107.593,21.74753255,-7.420911467,,
1250,950,115.468,108.718,19.94039555,-7.723205117,,
1250,1000,115.468,109.843,18.13115962,-7.99808962,,
1250,1050,115.468,110.968,16.31840006,-8.246057908,,
1250,1100,115.468,112.093,14.50072377,-8.467481393,,
1250,1150,115.468,113.218,12.67675295,-8.662614484,,
1250,1200,115.468,114.343,10.84510983,-8.831596977,,
1250,1250,115.468,115.468,9.004401839,-8.974454484,,
1250,1300,115.468,116.593,7.153206852,-9.091096935,,
1250,1350,115.468,117.718,5.290058094,-9.181315135,,
1250,1400,115.468,118.843,3.413428221,-9.244775285,,
1250,1450,115.468,119.968,1.521712131,-9.281011273,,
1250,1500,115.468,121.093,-0.386792059,-9.289414451,,
1250,1550,115.468,122.218,-2.31390451,-9.269220526,,
1250,1600,115.468,123.343,-4.261588414,-9.219492997,,
1250,1650,115.468,124.468,-6.231979004,-9.139102443,,
1250,1700,115.468,125.593,-8.227418076,-9.02670068,,
1250,1750,115.468,126.718,-10.25049569,-8.880688495,,
1250,1800,115.468,127.843,-12.30410126,-8.699175208,,
1250,1850,115.468,128.968,-14.39148702,-8.479927655,,
1250,1900,115.468,130.093,-16.51634798,-8.220305282,,
1250,1950,115.468,131.218,-18.68292423,-7.917176687,,
1250,2000,115.468,132.343,-20.8961338,-7.56681092,,
1250,2050,115.468,133.468,-23.16174838,-7.164733778,,
1250,2100,115.468,134.593,-25.48663002,-6.705534486,,
1300,900,116.593,107.593,21.80208684,-5.52984528,,
1300,950,116.593,108.718,20.00235349,-5.840134108,,
1300,1000,116.593,109.843,18.20056248,-6.122529604,,
1300,1050,116.593,110.968,16.39524392,-6.377527078,,
1300,1100,116.593,112.093,14.5849637,-6.605496565,,
1300,1150,116.593,113.218,12.7683062,-6.806687764,,
1300,1200,116.593,114.343,10.94385807,-6.981232721,,
1300,1250,116.593,115.468,9.110192603,-7.129146417,,
1300,1300,116.593,116.593,7.265854192,-7.250325315,,
1300,1350,116.593,117.718,5.409342437,-7.344543873,,
1300,1400,116.593,118.843,3.539095425,-7.4114489,,
1300,1450,116.593,119.968,1.653471679,-7.450551565,,
1300,1500,116.593,121.093,-0.249269819,-7.461216789,,
1300,1550,116.593,122.218,-2.170992207,-7.442649572,,
1300,1600,116.593,123.343,-4.11370677,-7.393877711,,
1300,1650,116.593,124.468,-6.079603475,-7.313730131,,
1300,1700,116.593,125.593,-8.07108737,-7.200809793,,
1300,1750,116.593,126.718,-10.09082264,-7.053459807,,
1300,1800,116.593,127.843,-12.14178669,-6.869720849,,
1300,1850,116.593,128.968,-14.22733753,-6.647277303,,
1300,1900,116.593,130.093,-16.35129887,-6.383388537,,
1300,1950,116.593,131.218,-18.51806942,-6.074800231,,
1300,2000,116.593,132.343,-20.7327653,-5.717628457,,
1300,2050,116.593,133.468,-23.0014092,-5.307205761,,
1300,2100,116.593,134.593,-25.33118648,-4.83787307,,
1350,900,117.718,107.593,21.84073206,-3.62813608,,
1350,950,117.718,108.718,20.04713543,-3.946359913,,
1350,1000,117.718,109.843,18.25156296,-4.23617336,,
1350,1050,117.718,110.968,16.45249303,-4.498077587,,
1350,1100,117.718,112.093,14.64844436,-4.732443932,,
1350,1150,117.718,113.218,12.83795755,-4.93951935,,
1350,1200,117.718,114.343,11.01957788,-5.119429435,,
1350,1250,117.718,115.468,9.19183878,-5.272179205,,
1350,1300,117.718,116.593,7.353245358,-5.397651724,,
1350,1350,117.718,117.718,5.502257663,-5.495604554,,
1350,1400,117.718,118.843,3.637273056,-5.565663929,,
1350,1450,117.718,119.968,1.756607182,-5.607316463,,
1350,1500,117.718,121.093,-0.141527082,-5.619898069,,
1350,1550,117.718,122.218,-2.059043432,-5.602579656,,
1350,1600,117.718,123.343,-3.998009628,-5.554348996,,
1350,1650,117.718,124.468,-5.960679775,-5.473987936,,
1350,1700,117.718,125.593,-7.949532893,-5.360043842,,
1350,1750,117.718,126.718,-9.967319695,-5.210793792,,
1350,1800,117.718,127.843,-12.01712018,-5.024199451,,
1350,1850,117.718,128.968,-14.10241555,-4.797849835,,
1350,1900,117.718,130.093,-16.22717946,-4.528888026,,
1350,1950,117.718,131.218,-18.39599545,-4.213916255,,
1350,2000,117.718,132.343,-20.61421083,-3.848871278,,
1350,2050,117.718,133.468,-22.88814192,-3.428858102,,
1350,2100,117.718,134.593,-25.22535345,-2.947923899,,
1400,900,118.843,107.593,21.86336421,-1.714067227,,
1400,950,118.843,108.718,20.07463463,-2.040192761,,
1400,1000,118.843,109.843,18.28405016,-2.337352378,,
1400,1050,118.843,110.968,16.49003063,-2.606056757,,
1400,1100,118.843,112.093,14.69104117,-2.846681339,,
1400,1150,118.843,113.218,12.88557246,-3.059472364,,
1400,1200,118.843,114.343,11.07212246,-3.24455029,,
1400,1250,118.843,115.468,9.24917876,-3.401910815,,
1400,1300,118.843,116.593,7.415201192,-3.53142358,,
1400,1350,118.843,117.718,5.568604082,-3.632828564,,
1400,1400,118.843,118.843,3.707737606,-3.705730055,,
1400,1450,118.843,119.968,1.830867667,-3.749587996,,
1400,1500,118.843,121.093,-0.063846373,-3.76370637,,
1400,1550,118.843,122.218,-1.978376916,-3.747218159,,
1400,1600,118.843,123.343,-3.91485727,-3.699066217,,
1400,1650,118.843,124.468,-5.87561596,-3.617979164,,
1400,1700,118.843,125.593,-7.863217806,-3.502441116,,
1400,1750,118.843,126.718,-9.880513869,-3.350653597,,
1400,1800,118.843,127.843,-11.93070314,-3.160487408,,
1400,1850,118.843,128.968,-14.01740982,-2.929421367,,
1400,1900,118.843,130.093,-16.14478176,-2.654463566,,
1400,1950,118.843,131.218,-18.3176177,-2.332048949,,
1400,2000,118.843,132.343,-20.54153472,-1.957904185,,
1400,2050,118.843,133.468,-22.82319296,-1.52686637,,
1400,2100,118.843,134.593,-25.17060327,-1.032634954,,
1450,900,119.968,107.593,21.86975784,0.214146588,,
1450,950,119.968,108.718,20.08461663,-0.119873302,,
1450,1000,119.968,109.843,18.2977795,-0.424327386,,
1450,1050,119.968,110.968,16.50760053,-0.699739729,,
1450,1100,119.968,112.093,14.71248449,-0.946492811,,
1450,1150,119.968,113.218,12.91086573,-1.164834252,,
1450,1200,119.968,114.343,11.10118855,-1.354880697,,
1450,1250,119.968,115.468,9.281888507,-1.516619106,,
1450,1300,119.968,116.593,7.45137382,-1.649905558,,
1450,1350,119.968,117.718,5.608006562,-1.75446158,,
1450,1400,119.968,118.843,3.750082854,-1.829867877,,
1450,1450,119.968,119.968,1.875811506,-1.875555271,,
1450,1500,119.968,121.093,-0.016709656,-1.890792437,,
1450,1550,119.968,122.218,-1.929520588,-1.874670041,,
1450,1600,119.968,123.343,-3.864830115,-1.826080411,,
1450,1650,119.968,124.468,-5.825052644,-1.743691836,,
1450,1700,119.968,125.593,-7.812851948,-1.625916445,,
1450,1750,119.968,126.718,-9.831195066,-1.470869209,,
1450,1800,119.968,127.843,-11.88341866,-1.276316352,,
1450,1850,119.968,128.968,-13.97331269,-1.039609254,,
1450,1900,119.968,130.093,-16.10522737,-0.757599156,,
1450,1950,119.968,131.218,-18.28421211,-0.426525693,,
1450,2000,119.968,132.343,-20.51619943,-0.041869006,,
1450,2050,119.968,133.468,-22.80825318,0.401849908,,
1450,2100,119.968,134.593,-25.1689109,0.911344361,,
1500,900,121.093,107.593,21.859559,2.158375882,,
1500,950,121.093,108.718,20.07671181,1.816443821,,
1500,1000,121.093,109.843,18.29236493,1.504728083,,
1500,1050,121.093,110.968,16.50479891,1.222687095,,
1500,1100,121.093,112.093,14.71235096,0.969928244,,
1500,1150,121.093,113.218,12.9133922,0.746200366,,
1500,1200,121.093,114.343,11.10630664,0.551389315,,
1500,1250,121.093,115.468,9.289471114,0.385516368,,
1500,1300,121.093,116.593,7.461235485,0.248739306,,
1500,1350,121.093,117.718,5.619902555,0.141356166,,
1500,1400,121.093,118.843,3.763706973,0.063811787,,
1500,1450,121.093,119.968,1.890792457,0.016707371,,
1500,1500,121.093,121.093,-0.000813461,0.000813461,,
1500,1550,121.093,122.218,-1.913228106,0.017086841,,
1500,1600,121.093,123.343,-3.848746934,0.066692217,,
1500,1650,121.093,124.468,-5.809882975,0.151029759,,
1500,1700,121.093,125.593,-7.799414043,0.271769631,,
1500,1750,121.093,126.718,-9.820440966,0.430896184,,
1500,1800,121.093,127.843,-11.87645964,0.630763827,,
1500,1850,121.093,128.968,-13.97145227,0.874168906,,
1500,1900,121.093,130.093,-16.1100045,1.164442886,,
1500,1950,121.093,131.218,-18.29745854,1.505574824,,
1500,2000,121.093,132.343,-20.54011701,1.902374843,,
1500,2050,121.093,133.468,-22.84551995,2.360696392,,
1500,2100,121.093,134.593,-25.22283022,2.887745096,,
1550,900,122.218,107.593,21.8322752,4.120594917,,
1550,950,122.218,108.718,20.0504049,3.770708416,,
1550,1000,122.218,109.843,18.26726789,3.451746189,,
1550,1050,122.218,110.968,16.48106275,3.16314473,,
1550,1100,122.218,112.093,14.6900513,2.904498024,,
1550,1150,122.218,113.218,12.89253405,2.67554912,,
1550,1200,122.218,114.343,11.08682746,2.476185082,,
1550,1250,122.218,115.468,9.27124249,2.306435037,,
1550,1300,122.218,116.593,7.444063306,2.166471127,,
1550,1350,122.218,117.718,5.603525817,2.056612377,,
1550,1400,122.218,118.843,3.747795076,1.977331557,,
1550,1450,122.218,119.968,1.874940901,1.929265323,,
1550,1500,122.218,121.093,-0.017089233,1.913228085,,
1550,1550,122.218,122.218,-1.930500965,1.930230063,,
1550,1600,122.218,123.343,-3.86768897,1.981500672,,
1550,1650,122.218,124.468,-5.831279412,2.068518055,,
1550,1700,122.218,125.593,-7.82418144,2.193046776,,
1550,1750,122.218,126.718,-9.849650326,2.357185581,,
1550,1800,122.218,127.843,-11.91136641,2.56342854,,
1550,1850,122.218,128.968,-14.01353536,2.814743871,,
1550,1900,122.218,130.093,-16.16101767,3.114676741,,
1550,1950,122.218,131.218,-18.35949894,3.467485182,,
1550,2000,122.218,132.343,-20.61571823,3.878322805,,
1550,2050,122.218,133.468,-22.93778082,4.353489207,,
1550,2100,122.218,134.593,-25.33559738,4.900781171,,
1600,900,123.343,107.593,21.78726184,6.102902785,,
1600,950,123.343,108.718,20.00502085,5.744995785,,
1600,1000,123.343,109.843,18.22178261,5.418785935,,
1600,1050,123.343,110.968,16.43565446,5.123683017,,
1600,1100,123.343,112.093,14.64481428,4.859264139,,
1600,1150,123.343,113.218,12.84748381,4.625264241,,
1600,1200,123.343,114.343,11.04190414,4.421570347,,
1600,1250,123.343,115.468,9.226312465,4.248219198,,
1600,1300,123.343,116.593,7.398919228,4.105398078,,
1600,1350,123.343,117.718,5.557885023,3.993448805,,
1600,1400,123.343,118.843,3.701296302,3.912874999,,
1600,1450,123.343,119.968,1.827139147,3.864352892,,
1600,1500,123.343,121.093,-0.066730019,3.8487463,,
1600,1550,123.343,122.218,-1.982617615,3.867126021,,
1600,1600,123.343,123.343,-3.923031785,3.920795121,,
1600,1650,123.343,124.468,-5.890728792,4.011321239,,
1600,1700,123.343,125.593,-7.888769092,4.140577563,,
1600,1750,123.343,126.718,-9.920586692,4.310795275,,
1600,1800,123.343,127.843,-11.99007623,4.524630912,,
1600,1850,123.343,128.968,-14.10170417,4.785253693,,
1600,1900,123.343,130.093,-16.26065337,5.096460105,,
1600,1950,123.343,131.218,-18.47301451,5.462826458,,
1600,2000,123.343,132.343,-20.74604483,5.889915575,,
1600,2050,123.343,133.468,-23.08852581,6.384562689,,
1600,2100,123.343,134.593,-25.51127074,6.955280649,,
1650,900,124.468,107.593,21.72370455,8.107547741,,
1650,950,124.468,108.718,19.93970645,7.741531064,,
1650,1000,124.468,109.843,18.15501698,7.408057698,,
1650,1050,124.468,110.968,16.36764191,7.106505514,,
1650,1100,124.468,112.093,14.57566572,6.836431027,,
1650,1150,124.468,113.218,12.77722245,6.597558671,,
1650,1200,124.468,114.343,10.9704691,6.389774242,,
1650,1250,124.468,115.468,9.153560388,6.213122066,,
1650,1300,124.468,116.593,7.32462412,6.067805691,,
1650,1350,124.468,117.718,5.481736174,5.954192042,,
1650,1400,124.468,118.843,3.622894273,5.872819179,,
1650,1450,124.468,119.968,1.745989578,5.824407964,,
1650,1500,124.468,121.093,-0.151224965,5.809878147,,
1650,1550,124.468,122.218,-2.071170856,5.830369653,,
1650,1600,124.468,123.343,-4.016486464,5.887270136,,
1650,1650,124.468,124.468,-5.99007776,5.982250324,,
1650,1700,124.468,125.593,-7.995180163,6.117309252,,
1650,1750,124.468,126.718,-10.03543529,6.294832298,,
1650,1800,124.468,127.843,-12.11498792,6.517666155,,
1650,1850,124.468,128.968,-14.23861054,6.789216631,,
1650,1900,124.468,130.093,-16.41186656,7.113577843,,
1650,1950,124.468,131.218,-18.64132801,7.495705593,,
1650,2000,124.468,132.343,-20.93487258,7.941654371,,
1650,2050,124.468,133.468,-23.30209866,8.45890863,,
1650,2100,124.468,134.593,-25.75492124,9.056858032,,
1700,900,125.593,107.593,21.64059639,10.13695568,,
1700,950,125.593,108.718,19.85340666,9.762717777,,
1700,1000,125.593,109.843,18.06586789,9.421952073,,
1700,1050,125.593,110.968,16.27587276,9.113998832,,
1700,1100,125.593,112.093,14.48140177,8.838389987,,
1700,1150,125.593,113.218,12.68049129,8.594836995,,
1700,1200,125.593,114.343,10.8712045,8.383223333,,
1700,1250,125.593,115.468,9.051603915,8.203601159,,
1700,1300,125.593,116.593,7.219724669,8.056191854,,
1700,1350,125.593,117.718,5.373547299,7.941390407,,
1700,1400,125.593,118.843,3.510969278,7.859773762,,
1700,1450,125.593,119.968,1.629774095,7.812113501,,
1700,1500,125.593,121.093,-0.272403289,7.799393422,,
1700,1550,125.593,122.218,-2.198116117,7.822832896,,
1700,1600,125.593,123.343,-4.150152491,7.883917248,,
1700,1650,125.593,124.468,-6.131591434,7.984436894,,
1700,1700,125.593,125.593,-8.145871602,8.126537668,,
1700,1750,125.593,126.718,-10.19687706,8.312785756,,
1700,1800,125.593,127.843,-12.28904633,8.54625208,,
1700,1850,125.593,128.968,-14.42751359,8.830623124,,
1700,1900,125.593,130.093,-16.61829505,9.170348498,,
1700,1950,125.593,131.218,-18.86854,9.570840718,,
1700,2000,125.593,132.343,-21.18687682,10.03875116,,
1700,2050,125.593,133.468,-23.58390235,10.58236035,,
1700,2100,125.593,134.593,-26.07289458,11.21214589,,
1750,900,126.718,107.593,21.5367088,12.19376389,,
1750,950,126.718,108.718,19.74483441,11.81117176,,
1750,1000,126.718,109.843,17.95298989,11.46307423,,
1750,1050,126.718,110.968,16.1589418,11.14876767,,
1750,1100,126.718,112.093,14.36055475,10.86775514,,
1750,1150,126.718,113.218,12.55575622,10.61973258,,
1750,1200,126.718,114.343,10.7425046,10.4045802,,
1750,1250,126.718,115.468,8.918759247,10.22235862,,
1750,1300,126.718,116.593,7.082451167,10.07330919,,
1750,1350,126.718,117.718,5.23145342,9.957858752,,
1750,1400,126.718,118.843,3.363549952,9.876628682,,
1750,1450,126.718,119.968,1.476401751,9.830448824,,
1750,1500,126.718,121.093,-0.432491134,9.820376891,,
1750,1550,126.718,122.218,-2.365833367,9.847724355,,
1750,1600,126.718,123.343,-4.326586072,9.914090286,,
1750,1650,126.718,124.468,-6.318029347,10.02140514,,
1750,1700,126.718,125.593,-8.343839365,10.17198739,,
1750,1750,126.718,126.718,-10.40818527,10.36861702,,
1750,1800,126.718,127.843,-12.51585328,10.6146317,,
1750,1850,126.718,128.968,-14.67240875,10.91405404,,
1750,1900,126.718,130.093,-16.88441201,11.27176262,,
1750,1950,126.718,131.218,-19.15971228,11.69372582,,
1750,2000,126.718,132.343,-21.50785756,12.1873287,,
1750,2050,126.718,133.468,-23.94068253,12.76184176,,
1750,2100,126.718,134.593,-26.47317895,13.42911425,,
1800,900,127.843,107.593,21.41055447,14.28086156,,
1800,950,127.843,108.718,19.61243218,13.88976202,,
1800,1000,127.843,109.843,17.81475525,13.53428539,,
1800,1050,127.843,110.968,16.01514935,13.21367722,,
1800,1100,127.843,112.093,14.21134972,12.92740706,,
1800,1150,127.843,113.218,12.40116217,12.67515275,,
1800,1200,127.843,114.343,10.5824279,12.45679053,,
1800,1250,127.843,115.468,8.752990453,12.27239055,,
1800,1300,127.843,116.593,6.910663647,12.12221709,,
1800,1350,127.843,117.718,5.053198983,12.00673369,,
1800,1400,127.843,118.843,3.178251402,11.92661311,,
1800,1450,127.843,119.968,1.283341932,11.88275287,,
1800,1500,127.843,121.093,-0.63418437,11.8762968,,
1800,1550,127.843,122.218,-2.577207153,11.90866417,,
1800,1600,127.843,123.343,-4.548888696,11.9815877,,
1800,1650,127.843,124.468,-6.552744348,12.09716323,,
1800,1700,127.843,125.593,-8.592730001,12.25791416,,
1800,1750,127.843,126.718,-10.67335289,12.46687578,,
1800,1800,127.843,127.843,-12.79981472,12.72770638,,
1800,1850,127.843,128.968,-14.97820035,13.04483567,,
1800,1900,127.843,130.093,-17.21573176,13.42366616,,
1800,1950,127.843,131.218,-19.52111816,13.8708519,,
1800,2000,127.843,132.343,-21.90505107,14.39469336,,
1800,2050,127.843,133.468,-24.38092604,15.00571306,,
1800,2100,127.843,134.593,-26.96593201,15.71752335,,
1850,900,128.968,107.593,21.26033998,16.40143911,,
1850,950,128.968,108.718,19.45432285,16.00166046,,
1850,1000,128.968,109.843,17.64920299,15.63875347,,
1850,1050,128.968,110.968,15.84244824,15.3119051,,
1850,1100,128.968,112.093,14.03164907,15.02054641,,
1850,1150,128.968,113.218,12.21447503,14.7643345,,
1850,1200,128.968,114.343,10.38863578,14.5431413,,
1850,1250,128.968,115.468,8.55184459,14.35704826,,
1850,1300,128.968,116.593,6.701782804,14.20634654,,
1850,1350,128.968,117.718,4.836063893,14.0915426,,
1850,1400,128.968,118.843,2.952195486,14.01336948,,
1850,1450,128.968,119.968,1.047537841,13.97280412,,
1850,1500,128.968,121.093,-0.88074316,13.97109187,,
1850,1550,128.968,122.218,-2.835730777,14.00977939,,
1850,1600,128.968,123.343,-4.820822965,14.09075811,,
1850,1650,128.968,124.468,-6.839812659,14.21632121,,
1850,1700,128.968,125.593,-8.896988294,14.38923802,,
1850,1750,128.968,126.718,-10.99726226,14.61285218,,
1850,1800,128.968,127.843,-13.1463385,14.89121213,,
1850,1850,128.968,128.968,-15.35093582,15.22924711,,
1850,1900,128.968,130.093,-17.61909227,15.63300891,,
1850,1950,128.968,131.218,-19.96059062,16.11001096,,
1850,2000,128.968,132.343,-22.38757002,16.66971654,,
1850,2050,128.968,133.468,-24.91543479,17.32426411,,
1850,2100,128.968,134.593,-27.5642584,18.08958629,,
1900,900,130.093,107.593,21.08390486,18.5590488,,
1900,950,130.093,108.718,19.26824672,18.15040342,,
1900,1000,130.093,109.843,17.45397348,17.78001588,,
1900,1050,130.093,110.968,15.63837573,17.44700593,,
1900,1100,130.093,112.093,13.81888134,17.15076071,,
1900,1150,130.093,113.218,11.99300683,16.89091412,,
1900,1200,130.093,114.343,10.15831374,16.66733385,,
1900,1250,130.093,115.468,8.312368062,16.48011535,,
1900,1300,130.093,116.593,6.452700756,16.32958195,,
1900,1350,130.093,117.718,4.576767688,16.21629122,,
1900,1400,130.093,118.843,2.681907239,16.14104777,,
1900,1450,130.093,119.968,0.7652937,16.10492302,,
1900,1500,130.093,121.093,-1.176115771,16.10928325,,
1900,1550,130.093,122.218,-3.145643401,16.15582749,,
1900,1600,130.093,123.343,-5.146965873,16.24663788,,
1900,1650,130.093,124.468,-7.184207082,16.38424585,,
1900,1700,130.093,125.593,-9.262055331,16.57171963,,
1900,1750,130.093,126.718,-11.38591466,16.81278027,,
1900,1800,130.093,127.843,-13.56210453,17.11195779,,
1900,1850,130.093,128.968,-15.79812925,17.47480408,,
1900,1900,130.093,130.093,-18.10305065,17.90818942,,
1900,1950,130.093,131.218,-20.48801747,18.42072514,,
1900,2000,130.093,132.343,-22.96704145,19.0233838,,
1900,2050,130.093,133.468,-25.55817723,19.73044187,,
1900,2100,130.093,134.593,-28.28539544,20.56097401,,
1950,900,131.218,107.593,20.87864286,20.75768068,,
1950,950,131.218,108.718,19.05147999,20.33996867,,
1950,1000,131.218,109.843,17.22622392,19.96205838,,
1950,1050,131.218,110.968,15.39996539,19.62299262,,
1950,1100,131.218,112.093,13.56994914,19.32210889,,
1950,1150,131.218,113.218,11.733519,19.0590155,,
1950,1200,131.218,114.343,9.888068974,18.83357679,,
1950,1250,131.218,115.468,8.030997775,18.64590614,,
1950,1300,131.218,116.593,6.159664584,18.49636626,,
1950,1350,131.218,117.718,4.271344099,18.38557653,,
1950,1400,131.218,118.843,2.363178753,18.31442776,,
1950,1450,131.218,119.968,0.43212589,18.28410521,,
1950,1500,131.218,121.093,-1.525102797,18.29612118,,
1950,1550,131.218,122.218,-3.512112922,18.35235935,,
1950,1600,131.218,123.343,-5.532914613,18.45513394,,
1950,1650,131.218,124.468,-7.592031307,18.60726816,,
1950,1700,131.218,125.593,-9.694638757,18.81219876,,
1950,1750,131.218,126.718,-11.84674663,19.07411608,,
1950,1800,131.218,127.843,-14.05544132,19.39815469,,
1950,1850,131.218,128.968,-16.32921848,19.79065711,,
1950,1900,131.218,130.093,-18.67845074,20.25954686,,
1950,1950,131.218,131.218,-21.11606543,20.81487063,,
1950,2000,131.218,132.343,-23.65856118,21.46961208,,
1950,2050,131.218,133.468,-26.32759719,22.24096348,,
1950,2100,131.218,134.593,-29.15260306,23.15241064,,
2000,900,132.343,107.593,20.64139894,23.00185854,,
2000,950,132.343,108.718,18.80072834,22.57487324,,
2000,1000,132.343,109.843,16.96251785,22.18941551,,
2000,1050,132.343,110.968,15.12363206,21.84444039,,
2000,1100,132.343,112.093,13.2811085,21.53922956,,
2000,1150,132.343,113.218,11.43209529,21.27336385,,
2000,1200,132.343,114.343,9.573795889,21.04670615,,
2000,1250,132.343,115.468,7.70341775,20.85939357,,
2000,1300,132.343,116.593,5.81812243,20.71183796,,
2000,1350,132.343,117.718,3.914974634,20.60473465,,
2000,1400,132.343,118.843,1.990887817,20.53907996,,
2000,1450,132.343,119.968,0.042563583,20.51619831,,
2000,1500,132.343,121.093,-1.933578376,20.53778087,,
2000,1550,132.343,122.218,-3.941483996,20.60593833,,
2000,1600,132.343,123.343,-5.985567808,20.72327175,,
2000,1650,132.343,124.468,-8.070842912,20.89296742,,
2000,1700,132.343,125.593,-10.20308911,21.11892431,,
2000,1750,132.343,126.718,-12.38907569,21.40592712,,
2000,1800,132.343,127.843,-14.63686383,21.75988485,,
2000,1850,132.343,128.968,-16.95622826,22.1881665,,
2000,1900,132.343,130.093,-19.35926222,22.70008506,,
2000,1950,132.343,131.218,-21.86127501,23.30761736,,
2000,2000,132.343,132.343,-24.48217728,24.02651545,,
2000,2050,132.343,133.468,-27.24871967,24.8781011,,
2000,2100,132.343,134.593,-30.19833666,25.89234281,,
2050,900,133.468,107.593,20.36833311,25.2967637,,
2050,950,133.468,108.718,18.51198619,24.86029986,,
2050,1000,133.468,109.843,16.65867913,24.46730089,,
2050,1050,133.468,110.968,14.80501949,24.11662191,,
2050,1100,133.468,112.093,12.94780917,23.80748249,,
2050,1150,133.468,113.218,11.08397323,23.53943469,,
2050,1200,133.468,114.343,9.210496971,23.31234354,,
2050,1250,133.468,115.468,7.324367526,23.12637821,,
2050,1300,133.468,116.593,5.422517039,22.9820131,,
2050,1350,133.468,117.718,3.501764339,22.88003858,,
2050,1400,133.468,118.843,1.558752238,22.82158214,,
2050,1450,133.468,119.968,-0.410122947,22.80814113,,
2050,1500,133.468,121.093,-2.408793737,22.84162943,,
2050,1550,133.468,122.218,-4.441621014,22.92444156,,
2050,1600,133.468,123.343,-6.513517981,23.05953948,,
2050,1650,133.468,124.468,-8.630108784,23.25056976,,
2050,1700,133.468,125.593,-10.79793676,23.50202306,,
2050,1750,133.468,126.718,-13.02474493,23.81945357,,
2050,1800,133.468,127.843,-15.31986384,24.20978674,,
2050,1850,133.468,128.968,-17.69476371,24.68176076,,
2050,1900,133.468,130.093,-20.16386647,25.24657861,,
2050,1950,133.468,131.218,-22.74578504,25.91890483,,
2050,2000,133.468,132.343,-25.4653049,26.71845946,,
2050,2050,133.468,133.468,-28.35673014,27.6727071,,
2050,2100,133.468,134.593,-31.46995274,28.82172654,,
2100,900,134.593,107.593,20.05473773,27.64839697,,
2100,950,134.593,108.718,18.18034799,27.20226296,,
2100,1000,134.593,109.843,16.30959596,26.80177887,,
2100,1050,134.593,110.968,14.4387956,26.44568635,,
2100,1100,134.593,112.093,12.56447938,26.13313652,,
2100,1150,134.593,113.218,10.68331641,25.86365272,,
2100,1200,134.593,114.343,8.792040196,25.63710812,,
2100,1250,134.593,115.468,6.887381678,25.45371606,,
2100,1300,134.593,116.593,4.96600379,25.3140321,,
2100,1350,134.593,117.718,3.024433887,25.21896774,,
2100,1400,134.593,118.843,1.058990432,25.16981658,,
2100,1450,134.593,119.968,-0.934300326,25.16829476,,
2100,1500,134.593,121.093,-2.959802951,25.21659867,,
2100,1550,134.593,122.218,-5.022393646,25.31748479,,
2100,1600,134.593,123.343,-7.127612995,25.4743786,,
2100,1650,134.593,124.468,-9.281864596,25.6915235,,
2100,1700,134.593,125.593,-11.49268047,25.9741861,,
2100,1750,134.593,126.718,-13.76908557,26.32894384,,
2100,1800,134.593,127.843,-16.12211319,26.76409638,,
2100,1850,134.593,128.968,-18.56555777,27.29027052,,
2100,1900,134.593,130.093,-21.11711486,27.9213392,,
2100,1950,134.593,131.218,-23.8001878,28.67587968,,
2100,2000,134.593,132.343,-26.64690482,29.57960804,,
2100,2050,134.593,133.468,-29.70351494,30.66972851,,
2100,2100,134.593,134.593,-33.04093875,32.00342385,,
